"","X","water_consumption","num_units_persons","premise_type","loc_in_city","bill_date_posting_date","meter_read_date","meter_size","billing_frequency","sewer_consumption","id","cpcode","cpname","acreage"
"1",1,0,0,1,"OUT","6/22/15","5/6/15","","M",7.5,1,49,"FAIRBANKS RANCH COUNTRY CLUB",788.1671902
"2",2,19,0,1,"IN","6/11/15","6/9/15","3/4","B",18.688524,2,34,"SCRIPPS MIRAMAR RANCH",4197.1577404
"3",3,20,0,1,"IN","6/23/15","6/19/15","3/4","B",13.684212,3,15,"MIRA MESA",10729.0159538
"4",4,18,0,1,"IN","6/23/15","6/19/15","3/4","B",18,4,15,"MIRA MESA",10729.0159538
"5",5,21,0,1,"IN","6/12/15","6/10/15","3/4","B",18.305082,5,34,"SCRIPPS MIRAMAR RANCH",4197.1577404
"6",6,28,0,1,"IN","6/11/15","6/9/15","3/4","B",25.57377,6,34,"SCRIPPS MIRAMAR RANCH",4197.1577404
"7",7,35,0,1,"IN","6/11/15","6/9/15","3/4","B",35.409834,7,47,"TIERRASANTA",7247.00443508
"8",8,6,0,1,"IN","6/23/15","6/19/15","3/4","B",18,8,15,"MIRA MESA",10729.0159538
"9",9,7,0,1,"IN","6/23/15","6/20/15","3/4","B",6.315792,9,15,"MIRA MESA",10729.0159538
"10",10,24,0,1,"IN","6/15/15","6/12/15","3/4","B",25.423728,10,5,"SABRE SPRINGS",1595.33004886
"11",11,22,0,1,"IN","6/23/15","6/19/15","3/4","B",18,11,15,"MIRA MESA",10729.0159538
"12",12,11,0,1,"IN","6/23/15","6/19/15","3/4","B",18,12,15,"MIRA MESA",10729.0159538
"13",13,36,0,1,"IN","6/11/15","6/10/15","3/4","B",32.459016,13,9,"MIRAMAR RANCH NORTH",1894.01237496
"14",14,18,0,1,"IN","6/16/15","6/13/15","3/4","B",18,14,29,"RANCHO PENASQUITOS",6456.34490358
"15",15,9,0,1,"IN","6/18/15","6/16/15","3/4","B",16.72131,15,31,"RANCHO BERNARDO",6582.52496453
"16",16,37,0,1,"IN","6/24/15","6/22/15","1","B",23.809524,16,48,"TORREY HILLS",832.63562976
"17",17,17,0,1,"IN","6/12/15","6/11/15","3/4","B",11.803278,17,34,"SCRIPPS MIRAMAR RANCH",4197.1577404
"18",18,5,0,1,"IN","6/23/15","6/19/15","3/4","B",8.709678,18,15,"MIRA MESA",10729.0159538
"19",19,19,0,1,"IN","6/12/15","6/10/15","1","B",13.22034,19,34,"SCRIPPS MIRAMAR RANCH",4197.1577404
"20",20,8,0,1,"IN","6/23/15","6/19/15","3/4","B",8.27586,20,15,"MIRA MESA",10729.0159538
"21",21,77,8,2,"IN","6/12/15","6/10/15","1 1/2","B",77,21,9,"MIRAMAR RANCH NORTH",1894.01237496
"22",22,33,0,1,"IN","6/23/15","6/20/15","3/4","B",23.793102,22,15,"MIRA MESA",10729.0159538
"23",23,11,0,1,"IN","6/23/15","6/19/15","3/4","B",12.580644,23,15,"MIRA MESA",10729.0159538
"24",24,5,0,1,"IN","6/12/15","6/11/15","3/4","B",4.918032,24,9,"MIRAMAR RANCH NORTH",1894.01237496
"25",25,5,0,1,"IN","6/23/15","6/19/15","3/4","B",18,25,15,"MIRA MESA",10729.0159538
"26",26,0,0,1,"IN","6/12/15","5/29/15","","B",18.2711886,26,5,"SABRE SPRINGS",1595.33004886
"27",27,0,0,1,"IN","6/22/15","6/18/15","3/4","B",6e-06,27,15,"MIRA MESA",10729.0159538
"28",28,14,0,1,"IN","6/15/15","6/12/15","3/4","B",7.741938,28,34,"SCRIPPS MIRAMAR RANCH",4197.1577404
"29",29,10,0,1,"IN","6/16/15","6/12/15","1","B",6.545454,29,29,"RANCHO PENASQUITOS",6456.34490358
"30",30,14,0,1,"IN","6/16/15","6/13/15","3/4","B",11.186442,30,31,"RANCHO BERNARDO",6582.52496453
"31",31,11,0,1,"IN","6/22/15","6/18/15","3/4","B",9.523812,31,15,"MIRA MESA",10729.0159538
"32",32,8,0,1,"IN","6/16/15","6/12/15","3/4","B",6.101694,32,29,"RANCHO PENASQUITOS",6456.34490358
"33",33,4,0,1,"IN","6/1/15","5/31/15","3/4","B",4.4745767,33,26,"OTAY MESA",9316.12916262
"34",34,17,0,1,"IN","6/12/15","6/10/15","3/4","B",18,34,9,"MIRAMAR RANCH NORTH",1894.01237496
"35",35,9,0,1,"IN","6/11/15","6/9/15","3/4","B",1.967214,35,47,"TIERRASANTA",7247.00443508
"36",36,4,0,1,"IN","6/15/15","6/11/15","3/4","B",4.918032,36,3,"CARMEL MOUNTAIN RANCH",1522.7694068
"37",37,25,0,1,"IN","6/15/15","6/11/15","1","B",19.322034,37,16,"RANCHO ENCANTADA",2699.38812025
"38",38,30,0,1,"IN","6/22/15","6/18/15","3/4","B",21.72414,38,15,"MIRA MESA",10729.0159538
"39",39,6,0,1,"IN","6/9/15","6/5/15","3/4","B",6,39,47,"TIERRASANTA",7247.00443508
"40",40,21,0,1,"IN","6/12/15","6/10/15","3/4","B",12.203388,40,9,"MIRAMAR RANCH NORTH",1894.01237496
"41",41,29,0,1,"IN","6/12/15","6/10/15","1","B",22.258062,41,9,"MIRAMAR RANCH NORTH",1894.01237496
"42",42,12,0,1,"IN","6/18/15","6/16/15","3/4","B",6e-06,42,31,"RANCHO BERNARDO",6582.52496453
"43",43,20,0,1,"IN","6/22/15","6/18/15","3/4","B",20.689656,43,15,"MIRA MESA",10729.0159538
"44",44,327,0,80,"IN","6/15/15","6/12/15","1 1/2","B",0,44,34,"SCRIPPS MIRAMAR RANCH",4197.1577404
"45",45,28,0,1,"IN","6/12/15","6/10/15","3/4","B",40.00002,45,9,"MIRAMAR RANCH NORTH",1894.01237496
"46",46,30,0,1,"IN","6/11/15","6/10/15","3/4","B",21.639342,46,9,"MIRAMAR RANCH NORTH",1894.01237496
"47",47,290,0,80,"IN","6/16/15","6/12/15","2","B",0,47,3,"CARMEL MOUNTAIN RANCH",1522.7694068
"48",48,13,0,1,"IN","6/11/15","6/10/15","3/4","B",32.459016,48,9,"MIRAMAR RANCH NORTH",1894.01237496
"49",49,11,0,1,"IN","6/22/15","6/18/15","3/4","B",16.842108,49,15,"MIRA MESA",10729.0159538
"50",50,0,0,1,"OUT","6/29/15","6/16/15","","M",2.068965,50,25,"OTAY MESA-NESTOR",5367.82083453
"51",51,12,0,1,"IN","6/17/15","6/15/15","3/4","B",19.672134,51,31,"RANCHO BERNARDO",6582.52496453
"52",52,22,0,1,"IN","6/19/15","6/18/15","3/4","B",20.338986,52,29,"RANCHO PENASQUITOS",6456.34490358
"53",53,0,0,1,"OUT","6/9/15","5/19/15","","M",5.000001,53,25,"OTAY MESA-NESTOR",5367.82083453
"54",54,12,0,1,"IN","6/15/15","6/12/15","3/4","B",8.135592,54,34,"SCRIPPS MIRAMAR RANCH",4197.1577404
"55",55,27,0,80,"IN","6/10/15","6/9/15","1","M",0,55,15,"MIRA MESA",10729.0159538
"56",56,53,0,80,"IN","6/17/15","6/16/15","1","B",0,56,31,"RANCHO BERNARDO",6582.52496453
"57",57,8,0,1,"IN","6/22/15","6/18/15","3/4","B",10.819674,57,29,"RANCHO PENASQUITOS",6456.34490358
"58",58,15,0,1,"IN","6/22/15","6/18/15","3/4","B",10.526316,58,29,"RANCHO PENASQUITOS",6456.34490358
"59",59,13,0,1,"IN","6/19/15","6/17/15","3/4","B",11.803278,59,29,"RANCHO PENASQUITOS",6456.34490358
"60",60,3,0,1,"IN","6/17/15","6/15/15","3/4","B",2.950818,60,31,"RANCHO BERNARDO",6582.52496453
"61",61,25,0,1,"IN","6/17/15","6/15/15","3/4","B",23.606556,61,31,"RANCHO BERNARDO",6582.52496453
"62",62,16,0,1,"IN","6/19/15","6/18/15","3/4","B",14.754096,62,29,"RANCHO PENASQUITOS",6456.34490358
"63",63,4,0,1,"IN","6/25/15","6/23/15","3/4","B",6,63,21,"CARMEL VALLEY",4525.42412552
"64",64,0,0,1,"OUT","6/29/15","6/17/15","","M",4.13793,64,25,"OTAY MESA-NESTOR",5367.82083453
"65",65,15,0,1,"IN","6/15/15","6/11/15","3/4","B",12.580644,65,29,"RANCHO PENASQUITOS",6456.34490358
"66",66,84,0,1,"IN","6/17/15","6/15/15","1","B",40.00002,66,31,"RANCHO BERNARDO",6582.52496453
"67",67,306,0,3,"IN","6/26/15","6/24/15","1 1/2","B",306,67,21,"CARMEL VALLEY",4525.42412552
"68",68,13,0,1,"IN","6/22/15","6/18/15","3/4","B",16.551726,68,29,"RANCHO PENASQUITOS",6456.34490358
"69",69,25,0,1,"IN","6/25/15","6/23/15","3/4","B",34.000002,69,62,"PACIFIC HIGHLANDS RANCH",2643.77475736
"70",70,20,0,1,"IN","6/19/15","6/17/15","3/4","B",17.288136,70,29,"RANCHO PENASQUITOS",6456.34490358
"71",71,21,0,1,"IN","6/15/15","6/11/15","3/4","B",27.457626,71,29,"RANCHO PENASQUITOS",6456.34490358
"72",72,10,0,1,"IN","6/19/15","6/17/15","1","B",18,72,52,"TORREY HIGHLANDS",1505.5271115
"73",73,11,0,1,"IN","6/26/15","6/24/15","1","B",11.379312,73,21,"CARMEL VALLEY",4525.42412552
"74",74,9,0,1,"IN","6/26/15","6/24/15","3/4","B",7.8,74,21,"CARMEL VALLEY",4525.42412552
"75",75,3,0,1,"IN","6/18/15","6/16/15","1","B",4.8,75,29,"RANCHO PENASQUITOS",6456.34490358
"76",76,28,0,1,"IN","6/15/15","6/12/15","3/4","B",18.305082,76,29,"RANCHO PENASQUITOS",6456.34490358
"77",77,36,0,1,"IN","6/26/15","6/24/15","3/4","B",40.00002,77,62,"PACIFIC HIGHLANDS RANCH",2643.77475736
"78",78,21,0,1,"IN","6/16/15","6/13/15","3/4","B",19.672134,78,3,"CARMEL MOUNTAIN RANCH",1522.7694068
"79",79,17,0,1,"IN","6/15/15","6/11/15","3/4","B",25.999998,79,29,"RANCHO PENASQUITOS",6456.34490358
"80",80,29,0,1,"IN","6/16/15","6/13/15","3/4","B",38.644068,80,3,"CARMEL MOUNTAIN RANCH",1522.7694068
"81",81,7,0,1,"IN","6/15/15","6/12/15","1","B",17.288136,81,29,"RANCHO PENASQUITOS",6456.34490358
"82",82,0,0,1,"OUT","6/15/15","5/18/15","","M",0.999999,82,25,"OTAY MESA-NESTOR",5367.82083453
"83",83,16,0,1,"IN","6/18/15","6/16/15","3/4","B",19.672134,83,29,"RANCHO PENASQUITOS",6456.34490358
"84",84,30,0,1,"IN","6/16/15","6/12/15","3/4","B",29.491524,84,3,"CARMEL MOUNTAIN RANCH",1522.7694068
"85",85,78,0,1,"IN","6/26/15","6/24/15","3/4","B",40.00002,85,62,"PACIFIC HIGHLANDS RANCH",2643.77475736
"86",86,22,0,1,"IN","6/29/15","6/25/15","3/4","B",25.86207,86,40,"TORREY PINES",2722.31778494
"87",87,9,0,1,"IN","6/29/15","6/26/15","3/4","B",15.517242,87,40,"TORREY PINES",2722.31778494
"88",88,16,0,1,"IN","6/18/15","6/16/15","3/4","B",26.44068,88,29,"RANCHO PENASQUITOS",6456.34490358
"89",89,0,0,1,"OUT","6/8/15","5/19/15","","M",2.727273,89,25,"OTAY MESA-NESTOR",5367.82083453
"90",90,4,0,1,"IN","6/18/15","6/16/15","3/4","B",6e-06,90,29,"RANCHO PENASQUITOS",6456.34490358
"91",91,9,0,1,"IN","6/16/15","6/12/15","3/4","B",16.2,91,3,"CARMEL MOUNTAIN RANCH",1522.7694068
"92",92,67,0,1,"IN","6/22/15","12/18/12","1","B",18,92,13,"BLACK MOUNTAIN RANCH",5090.64513851
"93",93,6,0,1,"IN","6/19/15","6/17/15","1","B",14.754096,93,13,"BLACK MOUNTAIN RANCH",5090.64513851
"94",94,27,0,1,"IN","6/16/15","6/13/15","3/4","B",35.593218,94,29,"RANCHO PENASQUITOS",6456.34490358
"95",95,0,0,1,"OUT","6/22/15","6/10/15","","M",4.6875,95,25,"OTAY MESA-NESTOR",5367.82083453
"96",96,488,64,9,"IN","6/5/15","6/4/15","2","M",488,96,4,"DOWNTOWN",1516.21502084
"97",97,168,22,2,"IN","6/16/15","6/12/15","2","B",168,97,31,"RANCHO BERNARDO",6582.52496453
"98",98,0,0,1,"OUT","6/8/15","5/18/15","","M",5.000001,98,25,"OTAY MESA-NESTOR",5367.82083453
"99",99,0,0,3,"OUT","6/22/15","6/9/15","","M",3,99,25,"OTAY MESA-NESTOR",5367.82083453
"100",100,45,0,1,"IN","6/19/15","6/17/15","1","B",4.918032,100,13,"BLACK MOUNTAIN RANCH",5090.64513851
"101",101,18,0,1,"IN","6/16/15","6/12/15","3/4","B",15.254238,101,31,"RANCHO BERNARDO",6582.52496453
"102",102,0,0,1,"OUT","6/15/15","5/11/15","","M",20.00001,102,25,"OTAY MESA-NESTOR",5367.82083453
"103",103,0,0,1,"OUT","6/22/15","6/9/15","","M",11.000001,103,25,"OTAY MESA-NESTOR",5367.82083453
"104",104,22,0,1,"IN","6/16/15","6/13/15","3/4","B",11.379312,104,31,"RANCHO BERNARDO",6582.52496453
"105",105,0,0,1,"OUT","6/15/15","5/11/15","","M",18,105,25,"OTAY MESA-NESTOR",5367.82083453
"106",106,0,0,1,"OUT","6/29/15","6/17/15","","M",7.241379,106,25,"OTAY MESA-NESTOR",5367.82083453
"107",107,13,0,1,"IN","6/18/15","6/16/15","3/4","B",15.737706,107,31,"RANCHO BERNARDO",6582.52496453
"108",108,0,0,3,"OUT","6/1/15","5/11/15","","M",5,108,25,"OTAY MESA-NESTOR",5367.82083453
"109",109,15,0,1,"IN","6/17/15","6/15/15","3/4","B",16.72131,109,31,"RANCHO BERNARDO",6582.52496453
"110",110,6,0,1,"IN","6/3/15","6/1/15","3/4","B",18,110,56,"MID-CITY:CITY HEIGHTS",2935.50927873
"111",111,26,0,1,"IN","6/17/15","6/15/15","3/4","B",31.475412,111,31,"RANCHO BERNARDO",6582.52496453
"112",112,0,0,1,"OUT","6/29/15","6/16/15","","M",3e-06,112,25,"OTAY MESA-NESTOR",5367.82083453
"113",113,12,0,1,"IN","6/17/15","6/15/15","3/4","B",18,113,31,"RANCHO BERNARDO",6582.52496453
"114",114,13,0,1,"IN","6/17/15","6/15/15","3/4","B",10.819674,114,31,"RANCHO BERNARDO",6582.52496453
"115",115,10,4,2,"IN","6/17/15","6/16/15","1 1/2","M",10,115,44,"SKYLINE-PARADISE HILLS",4584.64108792
"116",116,8,0,1,"IN","6/18/15","6/16/15","3/4","B",4.918032,116,31,"RANCHO BERNARDO",6582.52496453
"117",117,27,0,1,"IN","6/17/15","6/15/15","3/4","B",25.57377,117,31,"RANCHO BERNARDO",6582.52496453
"118",118,23,0,1,"IN","6/17/15","6/15/15","1","B",31.475412,118,31,"RANCHO BERNARDO",6582.52496453
"119",119,23,0,1,"IN","6/3/15","6/1/15","3/4","B",15.789474,119,56,"MID-CITY:CITY HEIGHTS",2935.50927873
"120",120,13,0,1,"IN","6/17/15","6/15/15","3/4","B",18,120,31,"RANCHO BERNARDO",6582.52496453
"121",121,1168,192,7,"IN","6/17/15","6/15/15","3","M",1168,121,19,"MISSION VALLEY",3215.64828623
"122",122,0,0,1,"OUT","6/1/15","5/4/15","","M",6.206898,122,25,"OTAY MESA-NESTOR",5367.82083453
"123",123,16,0,1,"IN","6/10/15","6/9/15","3/4","B",13.770492,123,35,"SERRA MESA",2210.57457253
"124",124,0,0,1,"OUT","6/8/15","5/20/15","","M",8.000001,124,25,"OTAY MESA-NESTOR",5367.82083453
"125",125,0,0,1,"OUT","6/8/15","5/20/15","","M",11.818182,125,25,"OTAY MESA-NESTOR",5367.82083453
"126",126,33,0,3,"IN","6/5/15","6/4/15","1","M",33,126,37,"SOUTHEASTERN SAN DIEGO,SOUTHEASTERN",2928.98056395
"127",127,0,2,2,"OUT","6/22/15","6/10/15","","M",7,127,25,"OTAY MESA-NESTOR",5367.82083453
"128",128,0,0,1,"OUT","6/8/15","5/20/15","","M",9,128,25,"OTAY MESA-NESTOR",5367.82083453
"129",129,0,0,1,"OUT","6/15/15","5/20/15","","M",6,129,25,"OTAY MESA-NESTOR",5367.82083453
"130",130,0,0,2,"OUT","6/1/15","5/12/15","","M",66,130,25,"OTAY MESA-NESTOR",5367.82083453
"131",131,0,0,1,"OUT","6/22/15","6/10/15","","M",4.13793,131,25,"OTAY MESA-NESTOR",5367.82083453
"132",132,18,0,1,"IN","6/29/15","6/25/15","3/4","B",17.586204,132,40,"TORREY PINES",2722.31778494
"133",133,6,0,1,"IN","6/3/15","6/1/15","3/4","B",6.315792,133,56,"MID-CITY:CITY HEIGHTS",2935.50927873
"134",134,7,2,2,"IN","6/3/15","6/1/15","3/4","B",7,134,56,"MID-CITY:CITY HEIGHTS",2935.50927873
"135",135,9,0,1,"IN","6/3/15","6/1/15","3/4","B",19.354836,135,56,"MID-CITY:CITY HEIGHTS",2935.50927873
"136",136,26,0,1,"IN","6/10/15","6/9/15","3/4","B",16.72131,136,35,"SERRA MESA",2210.57457253
"137",137,0,0,3,"IN","6/30/15","6/15/15","2","M",0,137,57,"MID-CITY:EASTERN AREA",3115.1057929
"138",138,0,0,1,"OUT","6/1/15","5/12/15","","M",14.000001,138,25,"OTAY MESA-NESTOR",5367.82083453
"139",139,19,0,1,"IN","6/30/15","6/26/15","3/4","B",18,139,99,"UNIVERSITY",8676.16635746
"140",140,16,2,2,"IN","6/3/15","6/1/15","3/4","B",16,140,56,"MID-CITY:CITY HEIGHTS",2935.50927873
"141",141,42,0,1,"IN","6/30/15","6/26/15","3/4","B",28.000002,141,99,"UNIVERSITY",8676.16635746
"142",142,0,0,1,"OUT","6/1/15","5/7/15","","M",0.999999,142,25,"OTAY MESA-NESTOR",5367.82083453
"143",143,20,0,1,"IN","6/3/15","6/1/15","3/4","B",9.310344,143,56,"MID-CITY:CITY HEIGHTS",2935.50927873
"144",144,12,0,1,"IN","6/26/15","6/24/15","1","B",11.379312,144,55,"VIA DE LA VALLE",132.70055986
"145",145,12,0,1,"IN","6/3/15","6/1/15","3/4","B",17.142858,145,56,"MID-CITY:CITY HEIGHTS",2935.50927873
"146",146,21,2,2,"IN","6/3/15","6/1/15","1","B",21,146,56,"MID-CITY:CITY HEIGHTS",2935.50927873
"147",147,0,0,1,"OUT","6/1/15","5/14/15","","M",9,147,25,"OTAY MESA-NESTOR",5367.82083453
"148",148,46,0,1,"IN","6/1/15","5/28/15","3/4","B",35.172414,148,57,"MID-CITY:EASTERN AREA",3115.1057929
"149",149,29,0,3,"IN","6/4/15","6/2/15","1 1/2","B",29,149,59,"MID-CITY:NORMAL HEIGHTS",846.03495556
"150",150,47,49,2,"IN","6/3/15","6/1/15","1 1/2","B",47,150,56,"MID-CITY:CITY HEIGHTS",2935.50927873
"151",151,0,0,1,"OUT","6/29/15","6/12/15","","M",2.068965,151,25,"OTAY MESA-NESTOR",5367.82083453
"152",152,0,0,1,"OUT","6/29/15","6/12/15","","M",8.4375,152,25,"OTAY MESA-NESTOR",5367.82083453
"153",153,7,0,1,"IN","6/9/15","6/6/15","3/4","B",4.999998,153,20,"NAVAJO",9087.30876031
"154",154,0,0,1,"IN","6/8/15","6/3/15","3/4","B",1e-07,154,59,"MID-CITY:NORMAL HEIGHTS",846.03495556
"155",155,19,0,80,"IN","6/26/15","6/24/15","1","B",0,155,21,"CARMEL VALLEY",4525.42412552
"156",156,22,0,1,"IN","6/3/15","6/1/15","3/4","B",18,156,56,"MID-CITY:CITY HEIGHTS",2935.50927873
"157",157,13,0,1,"IN","6/3/15","6/1/15","3/4","B",11.803278,157,56,"MID-CITY:CITY HEIGHTS",2935.50927873
"158",158,11,0,1,"IN","6/3/15","6/1/15","3/4","B",14.482758,158,56,"MID-CITY:CITY HEIGHTS",2935.50927873
"159",159,18,0,1,"IN","6/1/15","5/28/15","3/4","B",23.809524,159,57,"MID-CITY:EASTERN AREA",3115.1057929
"160",160,17,0,1,"IN","6/1/15","5/28/15","3/4","B",21.72414,160,57,"MID-CITY:EASTERN AREA",3115.1057929
"161",161,8,0,1,"IN","6/1/15","5/28/15","3/4","B",13.333332,161,57,"MID-CITY:EASTERN AREA",3115.1057929
"162",162,12,0,1,"IN","6/26/15","6/25/15","3/4","B",7.741938,162,21,"CARMEL VALLEY",4525.42412552
"163",163,13,0,1,"IN","6/1/15","5/28/15","3/4","B",5.172414,163,57,"MID-CITY:EASTERN AREA",3115.1057929
"164",164,0,0,1,"OUT","6/29/15","6/15/15","","M",9.310344,164,25,"OTAY MESA-NESTOR",5367.82083453
"165",165,0,0,1,"OUT","6/15/15","5/15/15","","M",5.000001,165,25,"OTAY MESA-NESTOR",5367.82083453
"166",166,115,8,2,"IN","6/3/15","6/1/15","1","B",115,166,56,"MID-CITY:CITY HEIGHTS",2935.50927873
"167",167,0,45,2,"IN","6/23/15","6/22/15","2","M",0,167,28,"GREATER NORTH PARK",2253.69411336
"168",168,19,0,1,"IN","6/25/15","6/23/15","3/4","B",22.000002,168,21,"CARMEL VALLEY",4525.42412552
"169",169,13,0,1,"IN","6/4/15","6/3/15","3/4","B",10.819674,169,58,"MID-CITY:KENSINGTON-TALMADGE",1156.7904467
"170",170,14,0,1,"IN","6/4/15","6/3/15","3/4","B",11.803278,170,58,"MID-CITY:KENSINGTON-TALMADGE",1156.7904467
"171",171,17,0,1,"IN","6/4/15","6/2/15","3/4","B",18,171,58,"MID-CITY:KENSINGTON-TALMADGE",1156.7904467
"172",172,7,0,1,"IN","6/3/15","6/1/15","3/4","B",5.263158,172,56,"MID-CITY:CITY HEIGHTS",2935.50927873
"173",173,1,0,1,"IN","6/4/15","6/2/15","3/4","B",3.3,173,56,"MID-CITY:CITY HEIGHTS",2935.50927873
"174",174,30,0,1,"IN","6/30/15","6/26/15","3/4","B",28.421052,174,99,"UNIVERSITY",8676.16635746
"175",175,86,10,2,"IN","6/4/15","6/2/15","1","B",86,175,56,"MID-CITY:CITY HEIGHTS",2935.50927873
"176",176,0,0,1,"OUT","6/8/15","4/15/15","","M",12,176,25,"OTAY MESA-NESTOR",5367.82083453
"177",177,15,0,1,"IN","6/4/15","6/2/15","3/4","B",17.288136,177,58,"MID-CITY:KENSINGTON-TALMADGE",1156.7904467
"178",178,133,10,2,"IN","6/4/15","6/2/15","1","B",133,178,58,"MID-CITY:KENSINGTON-TALMADGE",1156.7904467
"179",179,10,0,1,"IN","6/1/15","5/29/15","3/4","B",8.27586,179,57,"MID-CITY:EASTERN AREA",3115.1057929
"180",180,29,0,1,"IN","6/25/15","6/23/15","3/4","B",25.000002,180,21,"CARMEL VALLEY",4525.42412552
"181",181,0,4,2,"IN","6/4/15","4/26/15","3/4","B",0,181,58,"MID-CITY:KENSINGTON-TALMADGE",1156.7904467
"182",182,30,0,1,"IN","6/24/15","6/22/15","3/4","B",11.428572,182,21,"CARMEL VALLEY",4525.42412552
"183",183,1,2,2,"IN","6/3/15","5/31/15","3/4","B",1,183,59,"MID-CITY:NORMAL HEIGHTS",846.03495556
"184",184,23,4,2,"IN","6/4/15","6/2/15","3/4","B",23,184,59,"MID-CITY:NORMAL HEIGHTS",846.03495556
"185",185,15,0,1,"IN","6/5/15","6/4/15","3/4","B",21.355932,185,38,"COLLEGE AREA",1968.74184121
"186",186,10,0,1,"IN","6/4/15","6/2/15","3/4","B",6.885246,186,58,"MID-CITY:KENSINGTON-TALMADGE",1156.7904467
"187",187,25,0,1,"IN","6/26/15","6/24/15","3/4","B",10.344828,187,21,"CARMEL VALLEY",4525.42412552
"188",188,901,0,80,"IN","6/8/15","6/4/15","2","B",0,188,38,"COLLEGE AREA",1968.74184121
"189",189,1,0,1,"IN","6/9/15","6/5/15","3/4","B",3,189,47,"TIERRASANTA",7247.00443508
"190",190,48,10,2,"IN","6/4/15","6/2/15","1 1/2","B",48,190,59,"MID-CITY:NORMAL HEIGHTS",846.03495556
"191",191,27,0,1,"IN","6/25/15","6/23/15","3/4","B",22.000002,191,21,"CARMEL VALLEY",4525.42412552
"192",192,14,0,1,"IN","6/5/15","6/4/15","3/4","B",15,192,38,"COLLEGE AREA",1968.74184121
"193",193,3,0,1,"IN","6/4/15","6/2/15","3/4","B",14.1,193,56,"MID-CITY:CITY HEIGHTS",2935.50927873
"194",194,12,0,1,"IN","6/10/15","6/8/15","3/4","B",20.655738,194,20,"NAVAJO",9087.30876031
"195",195,4,0,1,"IN","6/5/15","6/4/15","3/4","B",4.000002,195,38,"COLLEGE AREA",1968.74184121
"196",196,29,0,1,"IN","6/3/15","6/1/15","3/4","B",22.622952,196,56,"MID-CITY:CITY HEIGHTS",2935.50927873
"197",197,39,0,1,"IN","6/25/15","6/21/15","1","B",25.161288,197,21,"CARMEL VALLEY",4525.42412552
"198",198,20,0,1,"IN","6/4/15","6/2/15","3/4","B",9.677418,198,58,"MID-CITY:KENSINGTON-TALMADGE",1156.7904467
"199",199,12,0,1,"IN","6/5/15","6/4/15","3/4","B",13.22034,199,38,"COLLEGE AREA",1968.74184121
"200",200,7,0,1,"IN","6/10/15","6/8/15","3/4","B",8.85246,200,20,"NAVAJO",9087.30876031
"201",201,13,0,1,"IN","6/30/15","6/26/15","3/4","B",7.241382,201,99,"UNIVERSITY",8676.16635746
"202",202,29,0,1,"IN","6/15/15","6/15/15","3/4","B",28.7999982,202,21,"CARMEL VALLEY",4525.42412552
"203",203,0,0,3,"IN","6/9/15","6/8/15","2","M",0,203,56,"MID-CITY:CITY HEIGHTS",2935.50927873
"204",204,17,0,1,"IN","6/5/15","6/3/15","3/4","B",18,204,38,"COLLEGE AREA",1968.74184121
"205",205,13,0,1,"IN","6/5/15","6/3/15","3/4","B",14.754096,205,38,"COLLEGE AREA",1968.74184121
"206",206,1694,0,63,"IN","6/23/15","6/22/15","4","M",0,206,47,"TIERRASANTA",7247.00443508
"207",207,39,0,1,"IN","6/24/15","6/22/15","3/4","B",30.96774,207,21,"CARMEL VALLEY",4525.42412552
"208",208,6,0,1,"IN","6/11/15","6/9/15","3/4","B",18,208,47,"TIERRASANTA",7247.00443508
"209",209,0,0,1,"OUT","6/29/15","6/16/15","","M",3.442623,209,25,"OTAY MESA-NESTOR",5367.82083453
"210",210,17,0,1,"IN","6/5/15","6/3/15","3/4","B",18,210,38,"COLLEGE AREA",1968.74184121
"211",211,28,0,1,"IN","6/4/15","6/3/15","3/4","B",39.661014,211,58,"MID-CITY:KENSINGTON-TALMADGE",1156.7904467
"212",212,22,0,1,"IN","6/5/15","6/3/15","3/4","B",18,212,38,"COLLEGE AREA",1968.74184121
"213",213,7,0,1,"IN","6/5/15","6/3/15","3/4","B",13.22034,213,38,"COLLEGE AREA",1968.74184121
"214",214,12,0,1,"IN","6/9/15","6/6/15","3/4","B",12.203388,214,20,"NAVAJO",9087.30876031
"215",215,84,0,80,"IN","6/29/15","6/26/15","2","B",0,215,99,"UNIVERSITY",8676.16635746
"216",216,0,16,2,"IN","6/3/15","6/2/15","2","M",0,216,99,"UNIVERSITY",8676.16635746
"217",217,9,2,2,"IN","6/1/15","5/29/15","3/4","B",9,217,57,"MID-CITY:EASTERN AREA",3115.1057929
"218",218,6,0,1,"IN","6/5/15","6/3/15","3/4","B",6.206898,218,20,"NAVAJO",9087.30876031
"219",219,11,0,1,"IN","6/1/15","5/29/15","3/4","B",8.571426,219,57,"MID-CITY:EASTERN AREA",3115.1057929
"220",220,5,0,1,"IN","6/10/15","5/31/15","3/4","B",10.2,220,99,"UNIVERSITY",8676.16635746
"221",221,2,0,3,"IN","6/5/15","6/4/15","3/4","B",2,221,57,"MID-CITY:EASTERN AREA",3115.1057929
"222",222,0,0,1,"OUT","6/30/15","6/16/15","","M",14.482758,222,25,"OTAY MESA-NESTOR",5367.82083453
"223",223,7,0,1,"IN","6/1/15","5/29/15","3/4","B",6.666666,223,57,"MID-CITY:EASTERN AREA",3115.1057929
"224",224,16,0,1,"IN","6/5/15","6/3/15","3/4","B",19.672134,224,20,"NAVAJO",9087.30876031
"225",225,15,0,1,"IN","6/5/15","6/3/15","1","B",16.72131,225,20,"NAVAJO",9087.30876031
"226",226,12,0,1,"IN","6/1/15","5/28/15","3/4","B",9.310344,226,57,"MID-CITY:EASTERN AREA",3115.1057929
"227",227,9,0,1,"IN","6/10/15","6/8/15","3/4","B",8.85246,227,20,"NAVAJO",9087.30876031
"228",228,11,0,1,"IN","6/30/15","6/26/15","3/4","B",19.655172,228,99,"UNIVERSITY",8676.16635746
"229",229,17,0,1,"IN","6/8/15","6/4/15","3/4","B",14.237286,229,20,"NAVAJO",9087.30876031
"230",230,6,0,1,"IN","6/1/15","5/28/15","3/4","B",5.172414,230,57,"MID-CITY:EASTERN AREA",3115.1057929
"231",231,5,0,1,"IN","6/1/15","5/28/15","3/4","B",5.172414,231,57,"MID-CITY:EASTERN AREA",3115.1057929
"232",232,14,0,1,"IN","6/10/15","6/8/15","3/4","B",15.737706,232,20,"NAVAJO",9087.30876031
"233",233,60,0,3,"IN","6/16/15","6/15/15","2","M",60,233,20,"NAVAJO",9087.30876031
"234",234,28,0,1,"IN","6/9/15","6/6/15","3/4","B",9.836064,234,20,"NAVAJO",9087.30876031
"235",235,34,0,1,"IN","6/5/15","6/3/15","3/4","B",25.57377,235,38,"COLLEGE AREA",1968.74184121
"236",236,16,0,3,"IN","6/29/15","6/26/15","1 1/2","B",16,236,99,"UNIVERSITY",8676.16635746
"237",237,19,0,1,"IN","6/8/15","6/4/15","3/4","B",21.355932,237,20,"NAVAJO",9087.30876031
"238",238,21,0,1,"IN","6/8/15","6/4/15","3/4","B",21.639342,238,20,"NAVAJO",9087.30876031
"239",239,25,0,1,"IN","6/1/15","5/28/15","3/4","B",21.052632,239,57,"MID-CITY:EASTERN AREA",3115.1057929
"240",240,5,0,1,"IN","6/1/15","5/29/15","3/4","B",5.806452,240,38,"COLLEGE AREA",1968.74184121
"241",241,33,0,1,"IN","6/8/15","6/4/15","3/4","B",9.152544,241,20,"NAVAJO",9087.30876031
"242",242,11,0,1,"IN","6/8/15","6/5/15","3/4","B",10.16949,242,20,"NAVAJO",9087.30876031
"243",243,206,8,2,"IN","6/1/15","5/29/15","1","B",206,243,57,"MID-CITY:EASTERN AREA",3115.1057929
"244",244,19,0,1,"IN","6/30/15","6/26/15","3/4","B",19.000002,244,99,"UNIVERSITY",8676.16635746
"245",245,197,126,2,"IN","6/17/15","6/15/15","2","M",197,245,20,"NAVAJO",9087.30876031
"246",246,62,0,80,"IN","6/23/15","6/20/15","1 1/2","B",0,246,15,"MIRA MESA",10729.0159538
"247",247,17,0,1,"IN","6/8/15","6/5/15","3/4","B",14.237286,247,20,"NAVAJO",9087.30876031
"248",248,12,0,1,"IN","6/8/15","6/4/15","3/4","B",18,248,20,"NAVAJO",9087.30876031
"249",249,28,0,1,"IN","6/8/15","6/4/15","3/4","B",18.305082,249,20,"NAVAJO",9087.30876031
"250",250,4,0,1,"IN","6/30/15","6/26/15","3/4","B",8.421054,250,99,"UNIVERSITY",8676.16635746
"251",251,0,0,1,"OUT","6/15/15","5/14/15","","M",20.000001,251,25,"OTAY MESA-NESTOR",5367.82083453
"252",252,13,0,1,"IN","6/9/15","6/5/15","3/4","B",16.271184,252,20,"NAVAJO",9087.30876031
"253",253,17,0,1,"IN","6/19/15","6/17/15","3/4","B",20.338986,253,52,"TORREY HIGHLANDS",1505.5271115
"254",254,20,0,1,"IN","6/19/15","6/18/15","3/4","B",25.57377,254,29,"RANCHO PENASQUITOS",6456.34490358
"255",255,14,0,1,"IN","6/8/15","6/4/15","3/4","B",18.688524,255,20,"NAVAJO",9087.30876031
"256",256,13,0,1,"IN","6/24/15","6/22/15","3/4","B",13.000002,256,15,"MIRA MESA",10729.0159538
"257",257,19,0,1,"IN","6/19/15","6/17/15","3/4","B",17.70492,257,52,"TORREY HIGHLANDS",1505.5271115
"258",258,16,0,1,"IN","6/23/15","6/19/15","3/4","B",18,258,15,"MIRA MESA",10729.0159538
"259",259,2,0,1,"IN","6/19/15","6/17/15","1","B",6,259,13,"BLACK MOUNTAIN RANCH",5090.64513851
"260",260,27,0,1,"IN","6/24/15","6/22/15","3/4","B",19.047618,260,15,"MIRA MESA",10729.0159538
"261",261,2,0,3,"IN","6/26/15","5/19/15","3/4","B",2,261,15,"MIRA MESA",10729.0159538
"262",262,20,0,1,"IN","6/19/15","6/17/15","3/4","B",16.72131,262,29,"RANCHO PENASQUITOS",6456.34490358
"263",263,0,0,1,"OUT","6/29/15","6/15/15","","M",5.000001,263,25,"OTAY MESA-NESTOR",5367.82083453
"264",264,12,0,1,"IN","6/24/15","6/22/15","3/4","B",8.571426,264,15,"MIRA MESA",10729.0159538
"265",265,0,0,3,"OUT","6/22/15","5/11/15","","M",0,265,26,"OTAY MESA",9316.12916262
"266",266,17,0,1,"IN","6/9/15","6/6/15","3/4","B",7.999998,266,20,"NAVAJO",9087.30876031
"267",267,102,230,47,"IN","6/11/15","6/9/15","2","M",0,267,15,"MIRA MESA",10729.0159538
"268",268,4,0,1,"IN","6/23/15","6/20/15","3/4","B",10.8,268,15,"MIRA MESA",10729.0159538
"269",269,13,0,1,"IN","6/24/15","6/22/15","3/4","B",10.645164,269,15,"MIRA MESA",10729.0159538
"270",270,13,0,1,"IN","6/24/15","6/22/15","3/4","B",13.000002,270,15,"MIRA MESA",10729.0159538
"271",271,0,0,1,"OUT","6/29/15","6/15/15","","M",7.241379,271,25,"OTAY MESA-NESTOR",5367.82083453
"272",272,11,0,1,"IN","6/8/15","6/4/15","3/4","B",16.271184,272,20,"NAVAJO",9087.30876031
"273",273,0,0,32,"IN","6/15/15","6/11/15","2","M",0,273,99,"UNIVERSITY",8676.16635746
"274",274,38,0,1,"IN","6/23/15","6/19/15","3/4","B",20.322582,274,15,"MIRA MESA",10729.0159538
"275",275,11,0,1,"IN","6/8/15","6/4/15","3/4","B",11.186442,275,20,"NAVAJO",9087.30876031
"276",276,12,0,1,"IN","6/23/15","6/19/15","3/4","B",7.36842,276,15,"MIRA MESA",10729.0159538
"277",277,16,0,1,"IN","6/19/15","6/17/15","3/4","B",18,277,13,"BLACK MOUNTAIN RANCH",5090.64513851
"278",278,23,0,1,"IN","6/8/15","6/5/15","3/4","B",19.322034,278,20,"NAVAJO",9087.30876031
"279",279,9,1,1,"IN","6/17/15","6/16/15","2","M",5.000001,279,35,"SERRA MESA",2210.57457253
"280",280,9,0,1,"IN","6/10/15","6/8/15","3/4","B",18,280,35,"SERRA MESA",2210.57457253
"281",281,15,0,1,"IN","6/8/15","6/4/15","3/4","B",15,281,20,"NAVAJO",9087.30876031
"282",282,4,0,1,"IN","6/8/15","6/5/15","3/4","B",6.885246,282,20,"NAVAJO",9087.30876031
"283",283,12,0,1,"IN","6/8/15","6/5/15","3/4","B",16.000002,283,20,"NAVAJO",9087.30876031
"284",284,30,0,1,"IN","6/18/15","6/17/15","1","B",37.377048,284,29,"RANCHO PENASQUITOS",6456.34490358
"285",285,5,0,1,"IN","6/18/15","6/16/15","3/4","B",5.901642,285,29,"RANCHO PENASQUITOS",6456.34490358
"286",286,12,0,1,"IN","6/23/15","6/20/15","3/4","B",16.842108,286,15,"MIRA MESA",10729.0159538
"287",287,26,0,1,"IN","6/18/15","6/16/15","3/4","B",25.423728,287,29,"RANCHO PENASQUITOS",6456.34490358
"288",288,8,0,1,"IN","6/30/15","6/26/15","3/4","B",18,288,99,"UNIVERSITY",8676.16635746
"289",289,13,0,3,"IN","6/23/15","6/20/15","3/4","B",13,289,15,"MIRA MESA",10729.0159538
"290",290,13,0,1,"IN","6/10/15","6/9/15","3/4","B",11.803278,290,35,"SERRA MESA",2210.57457253
"291",291,29,0,1,"IN","6/18/15","6/16/15","3/4","B",18,291,29,"RANCHO PENASQUITOS",6456.34490358
"292",292,29,0,1,"IN","6/10/15","6/8/15","3/4","B",16.45161,292,35,"SERRA MESA",2210.57457253
"293",293,11,0,1,"IN","6/12/15","6/10/15","3/4","B",13.22034,293,15,"MIRA MESA",10729.0159538
"294",294,0,0,1,"OUT","6/1/15","5/11/15","","M",4.6875,294,25,"OTAY MESA-NESTOR",5367.82083453
"295",295,12,0,1,"IN","6/22/15","6/19/15","3/4","B",10.526316,295,15,"MIRA MESA",10729.0159538
"296",296,0,0,1,"OUT","6/8/15","5/15/15","","M",3.999999,296,25,"OTAY MESA-NESTOR",5367.82083453
"297",297,22,0,1,"IN","6/10/15","6/8/15","3/4","B",9.836064,297,35,"SERRA MESA",2210.57457253
"298",298,14,0,1,"IN","6/22/15","6/18/15","3/4","B",15.48387,298,15,"MIRA MESA",10729.0159538
"299",299,34,0,1,"IN","6/22/15","6/18/15","3/4","B",40.00002,299,29,"RANCHO PENASQUITOS",6456.34490358
"300",300,75,0,3,"IN","6/11/15","6/10/15","2","B",75,300,34,"SCRIPPS MIRAMAR RANCH",4197.1577404
